{
  "version": "7",
  "dialect": "mysql",
  "entries": [
    {
      "idx": 0,
      "version": "5",
      "when": 1762207563941,
      "tag": "0000_chilly_thor_girl",
      "breakpoints": true
    },
    {
      "idx": 1,
      "version": "5",
      "when": 1762207642114,
      "tag": "0001_redundant_talisman",
      "breakpoints": true
    },
    {
      "idx": 2,
      "version": "5",
      "when": 1762240805966,
      "tag": "0002_high_agent_zero",
      "breakpoints": true
    },
    {
      "idx": 3,
      "version": "5",
      "when": 1762243478432,
      "tag": "0003_legal_gamora",
      "breakpoints": true
    }
  ]
}